raw,addr_raw,office_title_raw,addr_upper,addr_lower,solution_log
浙江嘉善,浙江嘉善,,浙江,嘉善,SPLIT: split_by_addr_belongs_pairs|REFINE: don't do anything if office_title_raw is empty
廬州舒城,廬州舒城,,廬州,舒城,SPLIT: split_by_addr_belongs_pairs|REFINE: don't do anything if office_title_raw is empty
江蘇吳江縣,江蘇吳江,縣,江蘇,吳江,SPLIT: split_by_addr_belongs_pairs|REFINE: do nothing
廣東順德縣,廣東順德,縣,廣東,順德,SPLIT: split_by_addr_belongs_pairs|REFINE: do nothing
浙江蘭溪縣,浙江蘭溪,縣,浙江,蘭溪,SPLIT: split_by_addr_belongs_pairs|REFINE: do nothing
太倉,太倉,,,太倉,SPLIT: split_by_addr_name_list|REFINE: don't do anything if office_title_raw is empty
孝感,孝感,,,孝感,SPLIT: split_by_addr_name_list|REFINE: don't do anything if office_title_raw is empty
孟津,孟津,,,孟津,SPLIT: split_by_addr_name_list|REFINE: don't do anything if office_title_raw is empty
烏程,烏程,,,烏程,SPLIT: split_by_addr_name_list|REFINE: don't do anything if office_title_raw is empty
宛平,宛平,,,宛平,SPLIT: split_by_addr_name_list|REFINE: don't do anything if office_title_raw is empty
益都,益都,,,益都,SPLIT: split_by_addr_name_list|REFINE: don't do anything if office_title_raw is empty
山西,山西,,,山西,SPLIT: split_by_addr_name_list|REFINE: don't do anything if office_title_raw is empty
涇陽,涇陽,,,涇陽,SPLIT: split_by_addr_name_list|REFINE: don't do anything if office_title_raw is empty
宜興,宜興,,,宜興,SPLIT: split_by_addr_name_list|REFINE: don't do anything if office_title_raw is empty
遂寧,遂寧,,,遂寧,SPLIT: split_by_addr_name_list|REFINE: don't do anything if office_title_raw is empty
睢州,睢州,,,睢州,SPLIT: split_by_addr_name_list|REFINE: don't do anything if office_title_raw is empty
山陰,山陰,,,山陰,SPLIT: split_by_addr_name_list|REFINE: don't do anything if office_title_raw is empty
閩縣,閩縣,,,閩縣,SPLIT: split_by_addr_name_list|REFINE: don't do anything if office_title_raw is empty
徐州,徐州,,,徐州,SPLIT: split_by_addr_name_list|REFINE: don't do anything if office_title_raw is empty
無錫,無錫,,,無錫,SPLIT: split_by_addr_name_list|REFINE: don't do anything if office_title_raw is empty
吳江,吳江,,,吳江,SPLIT: split_by_addr_name_list|REFINE: don't do anything if office_title_raw is empty
福州,福州,,,福州,SPLIT: split_by_addr_name_list|REFINE: don't do anything if office_title_raw is empty
海寧,海寧,,,海寧,SPLIT: split_by_addr_name_list|REFINE: don't do anything if office_title_raw is empty
餘姚,餘姚,,,餘姚,SPLIT: split_by_addr_name_list|REFINE: don't do anything if office_title_raw is empty
華亭,華亭,,,華亭,SPLIT: split_by_addr_name_list|REFINE: don't do anything if office_title_raw is empty
吳縣,吳縣,,,吳縣,SPLIT: split_by_addr_name_list|REFINE: don't do anything if office_title_raw is empty
松江,松江,,,松江,SPLIT: split_by_addr_name_list|REFINE: don't do anything if office_title_raw is empty
廣東,廣東,,,廣東,SPLIT: split_by_addr_name_list|REFINE: don't do anything if office_title_raw is empty
湘潭,湘潭,,,湘潭,SPLIT: split_by_addr_name_list|REFINE: don't do anything if office_title_raw is empty
鄞縣,鄞縣,,,鄞縣,SPLIT: split_by_addr_name_list|REFINE: don't do anything if office_title_raw is empty
黃州,黃州,,,黃州,SPLIT: split_by_addr_name_list|REFINE: don't do anything if office_title_raw is empty
嘉興,嘉興,,,嘉興,SPLIT: split_by_addr_name_list|REFINE: don't do anything if office_title_raw is empty
桐城,桐城,,,桐城,SPLIT: split_by_addr_name_list|REFINE: don't do anything if office_title_raw is empty
杞縣,杞縣,,,杞縣,SPLIT: split_by_addr_name_list|REFINE: don't do anything if office_title_raw is empty
曹州,曹州,,,曹州,SPLIT: split_by_addr_name_list|REFINE: don't do anything if office_title_raw is empty
膠州,膠州,,,膠州,SPLIT: split_by_addr_name_list|REFINE: don't do anything if office_title_raw is empty
泰州,泰州,,,泰州,SPLIT: split_by_addr_name_list|REFINE: don't do anything if office_title_raw is empty
北平,北平,,,北平,SPLIT: split_by_addr_name_list|REFINE: don't do anything if office_title_raw is empty
廣信,廣信,,,廣信,SPLIT: split_by_addr_name_list|REFINE: don't do anything if office_title_raw is empty
泰興,泰興,,,泰興,SPLIT: split_by_addr_name_list|REFINE: don't do anything if office_title_raw is empty
涿州,涿州,,,涿州,SPLIT: split_by_addr_name_list|REFINE: don't do anything if office_title_raw is empty
嘉善,嘉善,,,嘉善,SPLIT: split_by_addr_name_list|REFINE: don't do anything if office_title_raw is empty
潁州,潁州,,,潁州,SPLIT: split_by_addr_name_list|REFINE: don't do anything if office_title_raw is empty
杭州,杭州,,,杭州,SPLIT: split_by_addr_name_list|REFINE: don't do anything if office_title_raw is empty
溧陽,溧陽,,,溧陽,SPLIT: split_by_addr_name_list|REFINE: don't do anything if office_title_raw is empty
長洲,長洲,,,長洲,SPLIT: split_by_addr_name_list|REFINE: don't do anything if office_title_raw is empty
祥符,祥符,,,祥符,SPLIT: split_by_addr_name_list|REFINE: don't do anything if office_title_raw is empty
遂安,遂安,,,遂安,SPLIT: split_by_addr_name_list|REFINE: don't do anything if office_title_raw is empty
常熟,常熟,,,常熟,SPLIT: split_by_addr_name_list|REFINE: don't do anything if office_title_raw is empty
歙縣,歙縣,,,歙縣,SPLIT: split_by_addr_name_list|REFINE: don't do anything if office_title_raw is empty
河南,河南,,,河南,SPLIT: split_by_addr_name_list|REFINE: don't do anything if office_title_raw is empty
餘姚,餘姚,,,餘姚,SPLIT: split_by_addr_name_list|REFINE: don't do anything if office_title_raw is empty
吳縣,吳縣,,,吳縣,SPLIT: split_by_addr_name_list|REFINE: don't do anything if office_title_raw is empty
金壇,金壇,,,金壇,SPLIT: split_by_addr_name_list|REFINE: don't do anything if office_title_raw is empty
江南六合,江南,六合,,江南,SPLIT: split_by_addr_name_list|REFINE: do nothing
三韓,三韓,,,三韓,SPLIT: split_by_addr_name_list|REFINE: don't do anything if office_title_raw is empty
漢陽,漢陽,,,漢陽,SPLIT: split_by_addr_name_list|REFINE: don't do anything if office_title_raw is empty
蕪湖,蕪湖,,,蕪湖,SPLIT: split_by_addr_name_list|REFINE: don't do anything if office_title_raw is empty
海陽,海陽,,,海陽,SPLIT: split_by_addr_name_list|REFINE: don't do anything if office_title_raw is empty
休寧,休寧,,,休寧,SPLIT: split_by_addr_name_list|REFINE: don't do anything if office_title_raw is empty
潛山,潛山,,,潛山,SPLIT: split_by_addr_name_list|REFINE: don't do anything if office_title_raw is empty
穎州,穎州,,,穎州,SPLIT: split_by_addr_name_list|REFINE: don't do anything if office_title_raw is empty
江寧,江寧,,,江寧,SPLIT: split_by_addr_name_list|REFINE: don't do anything if office_title_raw is empty
新會,新會,,,新會,SPLIT: split_by_addr_name_list|REFINE: don't do anything if office_title_raw is empty
建安,建安,,,建安,SPLIT: split_by_addr_name_list|REFINE: don't do anything if office_title_raw is empty
新安,新安,,,新安,SPLIT: split_by_addr_name_list|REFINE: don't do anything if office_title_raw is empty
錢塘,錢塘,,,錢塘,SPLIT: split_by_addr_name_list|REFINE: don't do anything if office_title_raw is empty
如皋,如皋,,,如皋,SPLIT: split_by_addr_name_list|REFINE: don't do anything if office_title_raw is empty
山陽,山陽,,,山陽,SPLIT: split_by_addr_name_list|REFINE: don't do anything if office_title_raw is empty
松江,松江,,,松江,SPLIT: split_by_addr_name_list|REFINE: don't do anything if office_title_raw is empty
祁門,祁門,,,祁門,SPLIT: split_by_addr_name_list|REFINE: don't do anything if office_title_raw is empty
金陵,金陵,,,金陵,SPLIT: split_by_addr_name_list|REFINE: don't do anything if office_title_raw is empty
侯官,侯官,,,侯官,SPLIT: split_by_addr_name_list|REFINE: don't do anything if office_title_raw is empty
崑山,崑山,,,崑山,SPLIT: split_by_addr_name_list|REFINE: don't do anything if office_title_raw is empty
北京,北京,,,北京,SPLIT: split_by_addr_name_list|REFINE: don't do anything if office_title_raw is empty
繁昌,繁昌,,,繁昌,SPLIT: split_by_addr_name_list|REFINE: don't do anything if office_title_raw is empty
福建,福建,,,福建,SPLIT: split_by_addr_name_list|REFINE: don't do anything if office_title_raw is empty
徽州,徽州,,,徽州,SPLIT: split_by_addr_name_list|REFINE: don't do anything if office_title_raw is empty
仁和,仁和,,,仁和,SPLIT: split_by_addr_name_list|REFINE: don't do anything if office_title_raw is empty
江陵,江陵,,,江陵,SPLIT: split_by_addr_name_list|REFINE: don't do anything if office_title_raw is empty
黃山,黃山,,,黃山,SPLIT: split_by_addr_name_list|REFINE: don't do anything if office_title_raw is empty
四明,四明,,,四明,SPLIT: split_by_addr_name_list|REFINE: don't do anything if office_title_raw is empty
莆田,莆田,,,莆田,SPLIT: split_by_addr_name_list|REFINE: don't do anything if office_title_raw is empty
嘉定,嘉定,,,嘉定,SPLIT: split_by_addr_name_list|REFINE: don't do anything if office_title_raw is empty
長洲縣,長洲,縣,,長洲,SPLIT: split_by_addr_name_list|REFINE: do nothing
萊陽,萊陽,,,萊陽,SPLIT: split_by_addr_name_list|REFINE: don't do anything if office_title_raw is empty
會稽,會稽,,,會稽,SPLIT: split_by_addr_name_list|REFINE: don't do anything if office_title_raw is empty
金陵,金陵,,,金陵,SPLIT: split_by_addr_name_list|REFINE: don't do anything if office_title_raw is empty
虎林,虎林,,,虎林,SPLIT: split_by_addr_name_list|REFINE: don't do anything if office_title_raw is empty
紹興,紹興,,,紹興,SPLIT: split_by_addr_name_list|REFINE: don't do anything if office_title_raw is empty
錢塘,錢塘,,,錢塘,SPLIT: split_by_addr_name_list|REFINE: don't do anything if office_title_raw is empty
海鹽,海鹽,,,海鹽,SPLIT: split_by_addr_name_list|REFINE: don't do anything if office_title_raw is empty
商邱,商邱,,,商邱,SPLIT: split_by_addr_name_list|REFINE: don't do anything if office_title_raw is empty
臨汾,臨汾,,,臨汾,SPLIT: split_by_addr_name_list|REFINE: don't do anything if office_title_raw is empty
寧都,寧都,,,寧都,SPLIT: split_by_addr_name_list|REFINE: don't do anything if office_title_raw is empty
宣城,宣城,,,宣城,SPLIT: split_by_addr_name_list|REFINE: don't do anything if office_title_raw is empty
蕭山,蕭山,,,蕭山,SPLIT: split_by_addr_name_list|REFINE: don't do anything if office_title_raw is empty
湖州,湖州,,,湖州,SPLIT: split_by_addr_name_list|REFINE: don't do anything if office_title_raw is empty
秀水,秀水,,,秀水,SPLIT: split_by_addr_name_list|REFINE: don't do anything if office_title_raw is empty
杭州,杭州,,,杭州,SPLIT: split_by_addr_name_list|REFINE: don't do anything if office_title_raw is empty
虎林,虎林,,,虎林,SPLIT: split_by_addr_name_list|REFINE: don't do anything if office_title_raw is empty
丹徒,丹徒,,,丹徒,SPLIT: split_by_addr_name_list|REFINE: don't do anything if office_title_raw is empty
武進,武進,,,武進,SPLIT: split_by_addr_name_list|REFINE: don't do anything if office_title_raw is empty
婁縣,婁縣,,,婁縣,SPLIT: split_by_addr_name_list|REFINE: don't do anything if office_title_raw is empty
雄縣,雄縣,,,雄縣,SPLIT: split_by_addr_name_list|REFINE: don't do anything if office_title_raw is empty
順天,順天,,,順天,SPLIT: split_by_addr_name_list|REFINE: don't do anything if office_title_raw is empty
金溪,金溪,,,金溪,SPLIT: split_by_addr_name_list|REFINE: don't do anything if office_title_raw is empty
平湖縣,平湖,縣,,平湖,SPLIT: split_by_addr_name_list|REFINE: do nothing
上海,上海,,,上海,SPLIT: split_by_addr_name_list|REFINE: don't do anything if office_title_raw is empty
南通州,南通州,,,南通州,SPLIT: split_by_addr_name_list|REFINE: don't do anything if office_title_raw is empty
豐潤,豐潤,,,豐潤,SPLIT: split_by_addr_name_list|REFINE: don't do anything if office_title_raw is empty
揚州,揚州,,,揚州,SPLIT: split_by_addr_name_list|REFINE: don't do anything if office_title_raw is empty
興化,興化,,,興化,SPLIT: split_by_addr_name_list|REFINE: don't do anything if office_title_raw is empty
江都,江都,,,江都,SPLIT: split_by_addr_name_list|REFINE: don't do anything if office_title_raw is empty
嘉善縣,嘉善,縣,,嘉善,SPLIT: split_by_addr_name_list|REFINE: do nothing
巴陵,巴陵,,,巴陵,SPLIT: split_by_addr_name_list|REFINE: don't do anything if office_title_raw is empty
湘潭,湘潭,,,湘潭,SPLIT: split_by_addr_name_list|REFINE: don't do anything if office_title_raw is empty
石門,石門,,,石門,SPLIT: split_by_addr_name_list|REFINE: don't do anything if office_title_raw is empty
慈谿,慈谿,,,慈谿,SPLIT: split_by_addr_name_list|REFINE: don't do anything if office_title_raw is empty
甘泉,甘泉,,,甘泉,SPLIT: split_by_addr_name_list|REFINE: don't do anything if office_title_raw is empty
廣德州,廣德州,,,廣德州,SPLIT: split_by_addr_name_list|REFINE: don't do anything if office_title_raw is empty
滿洲,滿洲,,,滿洲,SPLIT: split_by_addr_name_list|REFINE: don't do anything if office_title_raw is empty
嘉定,嘉定,,,嘉定,SPLIT: split_by_addr_name_list|REFINE: don't do anything if office_title_raw is empty
婁東,婁東,,,婁東,SPLIT: split_by_addr_name_list|REFINE: don't do anything if office_title_raw is empty
衢州,衢州,,,衢州,SPLIT: split_by_addr_name_list|REFINE: don't do anything if office_title_raw is empty
淮安,淮安,,,淮安,SPLIT: split_by_addr_name_list|REFINE: don't do anything if office_title_raw is empty
滿洲,滿洲,,,滿洲,SPLIT: split_by_addr_name_list|REFINE: don't do anything if office_title_raw is empty
襄平,襄平,,,襄平,SPLIT: split_by_addr_name_list|REFINE: don't do anything if office_title_raw is empty
武林,武林,,,武林,SPLIT: split_by_addr_name_list|REFINE: don't do anything if office_title_raw is empty
太康,太康,,,太康,SPLIT: split_by_addr_name_list|REFINE: don't do anything if office_title_raw is empty
西域,西域,,,西域,SPLIT: split_by_addr_name_list|REFINE: don't do anything if office_title_raw is empty
芷江,芷江,,,芷江,SPLIT: split_by_addr_name_list|REFINE: don't do anything if office_title_raw is empty
大名,大名,,,大名,SPLIT: split_by_addr_name_list|REFINE: don't do anything if office_title_raw is empty
三原,三原,,,三原,SPLIT: split_by_addr_name_list|REFINE: don't do anything if office_title_raw is empty
蘇州,蘇州,,,蘇州,SPLIT: split_by_addr_name_list|REFINE: don't do anything if office_title_raw is empty
滿洲,滿洲,,,滿洲,SPLIT: split_by_addr_name_list|REFINE: don't do anything if office_title_raw is empty
太平,太平,,,太平,SPLIT: split_by_addr_name_list|REFINE: don't do anything if office_title_raw is empty
上海,上海,,,上海,SPLIT: split_by_addr_name_list|REFINE: don't do anything if office_title_raw is empty
濟寧,濟寧,,,濟寧,SPLIT: split_by_addr_name_list|REFINE: don't do anything if office_title_raw is empty
江西,江西,,,江西,SPLIT: split_by_addr_name_list|REFINE: don't do anything if office_title_raw is empty
綏德,綏德,,,綏德,SPLIT: split_by_addr_name_list|REFINE: don't do anything if office_title_raw is empty
遼陽,遼陽,,,遼陽,SPLIT: split_by_addr_name_list|REFINE: don't do anything if office_title_raw is empty
景州,景州,,,景州,SPLIT: split_by_addr_name_list|REFINE: don't do anything if office_title_raw is empty
寧化,寧化,,,寧化,SPLIT: split_by_addr_name_list|REFINE: don't do anything if office_title_raw is empty
陵川,陵川,,,陵川,SPLIT: split_by_addr_name_list|REFINE: don't do anything if office_title_raw is empty
沁水,沁水,,,沁水,SPLIT: split_by_addr_name_list|REFINE: don't do anything if office_title_raw is empty
太和,太和,,,太和,SPLIT: split_by_addr_name_list|REFINE: don't do anything if office_title_raw is empty
荆州,荆州,,,荆州,SPLIT: split_by_addr_name_list|REFINE: don't do anything if office_title_raw is empty
沔陽州,沔陽州,,,沔陽州,SPLIT: split_by_addr_name_list|REFINE: don't do anything if office_title_raw is empty
天津,天津,,,天津,SPLIT: split_by_addr_name_list|REFINE: don't do anything if office_title_raw is empty
保定,保定,,,保定,SPLIT: split_by_addr_name_list|REFINE: don't do anything if office_title_raw is empty
歸安,歸安,,,歸安,SPLIT: split_by_addr_name_list|REFINE: don't do anything if office_title_raw is empty
嘉興,嘉興,,,嘉興,SPLIT: split_by_addr_name_list|REFINE: don't do anything if office_title_raw is empty
嘉善,嘉善,,,嘉善,SPLIT: split_by_addr_name_list|REFINE: don't do anything if office_title_raw is empty
婁東,婁東,,,婁東,SPLIT: split_by_addr_name_list|REFINE: don't do anything if office_title_raw is empty
無錫閭江,無錫,閭江,,無錫,SPLIT: split_by_addr_name_list|REFINE: do nothing
新安,新安,,,新安,SPLIT: split_by_addr_name_list|REFINE: don't do anything if office_title_raw is empty
休寧,休寧,,,休寧,SPLIT: split_by_addr_name_list|REFINE: don't do anything if office_title_raw is empty
閭陽,閭陽,,,閭陽,SPLIT: split_by_addr_name_list|REFINE: don't do anything if office_title_raw is empty
襄平,襄平,,,襄平,SPLIT: split_by_addr_name_list|REFINE: don't do anything if office_title_raw is empty
柘城,柘城,,,柘城,SPLIT: split_by_addr_name_list|REFINE: don't do anything if office_title_raw is empty
鳳陽,鳳陽,,,鳳陽,SPLIT: split_by_addr_name_list|REFINE: don't do anything if office_title_raw is empty
上元,上元,,,上元,SPLIT: split_by_addr_name_list|REFINE: don't do anything if office_title_raw is empty
富陽,富陽,,,富陽,SPLIT: split_by_addr_name_list|REFINE: don't do anything if office_title_raw is empty
奉新,奉新,,,奉新,SPLIT: split_by_addr_name_list|REFINE: don't do anything if office_title_raw is empty
直隸靜海,直隸,靜海,,直隸,SPLIT: split_by_addr_name_list|REFINE: do nothing
江南通州,江南,通州,,江南,SPLIT: split_by_addr_name_list|REFINE: do nothing
錢塘,錢塘,,,錢塘,SPLIT: split_by_addr_name_list|REFINE: don't do anything if office_title_raw is empty
江北,江北,,,江北,SPLIT: split_by_addr_name_list|REFINE: don't do anything if office_title_raw is empty
江陰,江陰,,,江陰,SPLIT: split_by_addr_name_list|REFINE: don't do anything if office_title_raw is empty
大興,大興,,,大興,SPLIT: split_by_addr_name_list|REFINE: don't do anything if office_title_raw is empty
永嘉,永嘉,,,永嘉,SPLIT: split_by_addr_name_list|REFINE: don't do anything if office_title_raw is empty
新安籍,新安,籍,,新安,SPLIT: split_by_addr_name_list|REFINE: do nothing
江陵句曲山,江陵,句曲山,,江陵,SPLIT: split_by_addr_name_list|REFINE: do nothing
吳興雙林鎮,吳興,雙林鎮,,吳興,SPLIT: split_by_addr_name_list|REFINE: do nothing
平江,平江,,,平江,SPLIT: split_by_addr_name_list|REFINE: don't do anything if office_title_raw is empty
休寧,休寧,,,休寧,SPLIT: split_by_addr_name_list|REFINE: don't do anything if office_title_raw is empty
潮陽,潮陽,,,潮陽,SPLIT: split_by_addr_name_list|REFINE: don't do anything if office_title_raw is empty
烏江,烏江,,,烏江,SPLIT: split_by_addr_name_list|REFINE: don't do anything if office_title_raw is empty
婺源,婺源,,,婺源,SPLIT: split_by_addr_name_list|REFINE: don't do anything if office_title_raw is empty
上虞,上虞,,,上虞,SPLIT: split_by_addr_name_list|REFINE: don't do anything if office_title_raw is empty
嘉興,嘉興,,,嘉興,SPLIT: split_by_addr_name_list|REFINE: don't do anything if office_title_raw is empty
華亭,華亭,,,華亭,SPLIT: split_by_addr_name_list|REFINE: don't do anything if office_title_raw is empty
汀州,汀州,,,汀州,SPLIT: split_by_addr_name_list|REFINE: don't do anything if office_title_raw is empty
上虞,上虞,,,上虞,SPLIT: split_by_addr_name_list|REFINE: don't do anything if office_title_raw is empty
揚州,揚州,,,揚州,SPLIT: split_by_addr_name_list|REFINE: don't do anything if office_title_raw is empty
寧州,寧州,,,寧州,SPLIT: split_by_addr_name_list|REFINE: don't do anything if office_title_raw is empty
武陵,武陵,,,武陵,SPLIT: split_by_addr_name_list|REFINE: don't do anything if office_title_raw is empty
江淮,江淮,,,江淮,SPLIT: split_by_addr_name_list|REFINE: don't do anything if office_title_raw is empty
南昌,南昌,,,南昌,SPLIT: split_by_addr_name_list|REFINE: don't do anything if office_title_raw is empty
漢口,漢口,,,漢口,SPLIT: split_by_addr_name_list|REFINE: don't do anything if office_title_raw is empty
松江楓涇,松江,楓涇,,松江,SPLIT: split_by_addr_name_list|REFINE: do nothing
雲南,雲南,,,雲南,SPLIT: split_by_addr_name_list|REFINE: don't do anything if office_title_raw is empty
平湖,平湖,,,平湖,SPLIT: split_by_addr_name_list|REFINE: don't do anything if office_title_raw is empty
桐城,桐城,,,桐城,SPLIT: split_by_addr_name_list|REFINE: don't do anything if office_title_raw is empty
義烏,義烏,,,義烏,SPLIT: split_by_addr_name_list|REFINE: don't do anything if office_title_raw is empty
浦江,浦江,,,浦江,SPLIT: split_by_addr_name_list|REFINE: don't do anything if office_title_raw is empty
石城,石城,,,石城,SPLIT: split_by_addr_name_list|REFINE: don't do anything if office_title_raw is empty
吳郡,吳郡,,,吳郡,SPLIT: split_by_addr_name_list|REFINE: don't do anything if office_title_raw is empty
當塗,當塗,,,當塗,SPLIT: split_by_addr_name_list|REFINE: don't do anything if office_title_raw is empty
金華,金華,,,金華,SPLIT: split_by_addr_name_list|REFINE: don't do anything if office_title_raw is empty
金山縣,金山,縣,,金山,SPLIT: split_by_addr_name_list|REFINE: do nothing
山陰縣,山陰,縣,,山陰,SPLIT: split_by_addr_name_list|REFINE: do nothing
嘉定縣,嘉定,縣,,嘉定,SPLIT: split_by_addr_name_list|REFINE: do nothing
崑山,崑山,,,崑山,SPLIT: split_by_addr_name_list|REFINE: don't do anything if office_title_raw is empty
家秣陵,家秣陵,,,家秣陵,SPLIT: split_by_addr_type|REFINE: don't do anything if office_title_raw is empty
家江陵,家江陵,,,家江陵,SPLIT: split_by_addr_type|REFINE: don't do anything if office_title_raw is empty
山东歴城,山东歴城,,,山东歴城,SPLIT: split_by_addr_type|REFINE: don't do anything if office_title_raw is empty
閩漳州,閩漳州,,,閩漳州,SPLIT: split_by_addr_type|REFINE: don't do anything if office_title_raw is empty
滄洲,,滄洲,,,can't seperate the data
維揚,,維揚,,,can't seperate the data
靳縣,,靳縣,,,can't seperate the data
長寄,,長寄,,,can't seperate the data
吳門,,吳門,,,can't seperate the data
十三,,十三,,,can't seperate the data
古歙,,古歙,,,can't seperate the data
杭,,杭,,,can't seperate the data
虞山,,虞山,,,can't seperate the data
吳,,吳,,,can't seperate the data
秣陵,,秣陵,,,can't seperate the data
緜亭,,緜亭,,,can't seperate the data
歙,,歙,,,can't seperate the data
張堰,,張堰,,,can't seperate the data
雲閒,,雲閒,,,can't seperate the data
鄞,,鄞,,,can't seperate the data
直塘,,直塘,,,can't seperate the data
樂淸,,樂淸,,,can't seperate the data
葢州,,葢州,,,can't seperate the data
鹿山,,鹿山,,,can't seperate the data
洞庭,,洞庭,,,can't seperate the data
臨淸,,臨淸,,,can't seperate the data
譽門,,譽門,,,can't seperate the data
綆陽,,綆陽,,,can't seperate the data
靑浦,,靑浦,,,can't seperate the data
城西,,城西,,,can't seperate the data
同里,,同里,,,can't seperate the data
吳,,吳,,,can't seperate the data
苕溪,,苕溪,,,can't seperate the data
桐鄕,,桐鄕,,,can't seperate the data
爐圖,,爐圖,,,can't seperate the data
法凡,,法凡,,,can't seperate the data
天都,,天都,,,can't seperate the data
巖鎮,,巖鎮,,,can't seperate the data
輕與,,輕與,,,can't seperate the data
芰荷潭,,芰荷潭,,,can't seperate the data
松城,,松城,,,can't seperate the data
湘鄕,,湘鄕,,,can't seperate the data
占籍浙江,,占籍浙江,,,can't seperate the data
蜀,,蜀,,,can't seperate the data
大康,,大康,,,can't seperate the data
雎州,,雎州,,,can't seperate the data
花涇,,花涇,,,can't seperate the data
得前,,得前,,,can't seperate the data
天都,,天都,,,can't seperate the data
其畫,,其畫,,,can't seperate the data
山水,,山水,,,can't seperate the data
海昌,,海昌,,,can't seperate the data
璉市,,璉市,,,can't seperate the data
干溪,,干溪,,,can't seperate the data
郭杭,,郭杭,,,can't seperate the data
集名,,集名,,,can't seperate the data
宋元,,宋元,,,can't seperate the data
向他,,向他,,,can't seperate the data
潘墊,,潘墊,,,can't seperate the data
畫元,,畫元,,,can't seperate the data
何許,,何許,,,can't seperate the data
華道,,華道,,,can't seperate the data
嚴老,,嚴老,,,can't seperate the data
微上,,微上,,,can't seperate the data
晉,,晉,,,can't seperate the data
虞縣,,虞縣,,,can't seperate the data
歴城,,歴城,,,can't seperate the data
辟疆姬,,辟疆姬,,,can't seperate the data
